word,mean_fold_vs_nyt
underscores,29.479186765173214
navigate,25.719637518867916
implications,24.53483981344874
commitment,22.61754729554752
reflects,21.092125643768338
raises,20.06078833001361
spokesperson,19.911852058950114
fundamental,19.90131975284938
specific,19.531474452410965
mounting,17.98507819441669
observers,17.90203544053783
significant,17.05653202460662
