,numbers,entities,quotes,sent_len
NYT (real),100.0,100.0,100.0,100.0
GPT-4o-mini,39.354918712118945,53.81250797406544,93.21489629607224,113.96757557096309
Gemini 2.5 Flash,55.198820705566476,65.9802760936893,87.16028394007512,123.40964359433002
Claude Haiku 4.5,47.07548326153599,68.32030523710493,75.85004550348629,121.5085439131354
