model,prompt,n,r,p
Claude-Haiku-4.5,A,80,0.31369699924552735,0.004603684610608862
Claude-Haiku-4.5,E,80,0.3153479379644299,0.004382230852600694
GPT-4o-mini,A,80,0.2756346066182915,0.01333517632690653
GPT-4o-mini,B,80,0.24458272365590067,0.02877839371544369
GPT-4o-mini,D,80,0.2702711075943028,0.015323565521435033
GPT-4o-mini,E,80,0.2713102104894308,0.014919493503753989
Gemini-2.5-Flash,A,80,0.3211507282019605,0.003677068097667159
Gemini-2.5-Flash,E,80,0.3271095967777252,0.003059989050071331
