model,prompt,n_biz,n_for,biz_fidelity,for_fidelity
NYT (real),NYT,40,40,8.483829444591986,8.870101716463125
GPT-4o-mini,A,120,120,9.339928675444524,6.46952558001582
GPT-4o-mini,E,120,120,11.259513828248112,6.590202285144304
Gemini-2.5-Flash,A,120,120,8.44449485121421,7.115144589871848
Gemini-2.5-Flash,E,120,120,11.161774513382618,6.99958121062246
Claude-Haiku-4.5,A,120,120,9.687209406879544,7.265613060443683
Claude-Haiku-4.5,E,120,120,10.925318990392704,6.750334358982079
